MonsterTraitId,MonsterId,SizeId,TraitId,UnlockLevel
1,101,1,28,1
2,101,1,43,20
3,101,1,73,40
4,101,2,3,1
5,101,2,7,1
6,101,2,108,60
7,102,1,40,1
8,102,1,31,20
9,102,1,104,40
10,102,2,2,1
11,102,2,20,1
12,102,2,69,60
13,103,1,34,1
14,103,1,7,20
15,103,1,119,40
16,103,2,3,1
17,103,2,40,1
18,103,2,76,60
19,104,1,31,1
20,104,1,14,20
21,104,1,88,40
22,104,2,2,1
23,104,2,40,1
24,104,2,39,60
25,105,1,22,1
26,105,1,12,20
27,105,1,89,40
28,105,2,4,1
29,105,2,77,1
30,105,2,102,60
31,106,1,118,1
32,106,1,95,20
33,106,1,40,40
34,106,2,3,1
35,106,2,45,1
36,106,2,97,60
37,107,1,9,1
38,107,1,81,20
39,107,1,39,40
40,107,2,3,1
41,107,2,87,1
42,107,2,97,60
43,108,1,118,1
44,108,1,70,20
45,108,1,63,40
46,108,2,3,1
47,108,2,77,1
48,108,2,10,60
49,109,1,33,1
50,109,1,78,20
51,109,1,11,40
52,109,2,3,1
53,109,2,19,1
54,109,2,48,60
55,110,1,116,1
56,110,1,38,20
57,110,1,81,40
58,110,2,1,1
59,110,2,74,1
60,110,2,121,60
61,111,1,79,1
62,111,1,46,20
63,111,1,13,40
66,113,1,116,1
67,113,1,8,20
68,113,1,112,40
69,114,1,32,1
70,114,1,14,20
71,114,1,6,40
72,115,1,54,1
73,115,1,95,20
74,115,1,6,40
75,116,1,89,1
76,116,1,64,20
77,116,1,116,40
78,117,1,9,1
79,117,1,120,20
80,117,1,109,40
81,118,1,22,1
82,118,1,8,20
83,118,1,47,40
84,119,1,12,1
85,119,1,65,20
86,119,1,100,40
87,120,1,7,1
88,120,1,82,20
89,120,1,98,40
90,121,1,14,1
91,121,1,40,20
92,121,1,88,40
93,122,1,115,1
94,122,1,91,20
95,122,1,12,40
96,123,1,113,1
97,123,1,68,20
98,123,1,95,40
99,124,1,23,1
100,124,1,39,20
101,124,1,103,40
102,126,1,13,1
103,126,1,66,20
104,126,1,40,40
105,127,1,77,1
106,127,1,40,20
107,127,1,10,40
108,128,1,93,1
109,128,1,33,20
110,128,1,90,40
111,129,1,33,1
112,129,1,118,20
113,129,1,73,40
114,130,1,118,1
115,130,1,9,20
116,130,1,90,40
117,131,1,45,1
118,131,1,42,20
119,131,1,120,40
120,132,1,17,1
121,132,1,26,20
122,132,1,106,40
123,133,1,113,1
124,133,1,33,20
125,133,1,73,40
126,134,1,40,1
127,134,1,46,20
128,134,1,65,40
129,135,1,63,1
130,135,1,76,20
131,135,1,105,40
132,136,1,6,1
133,136,1,40,20
134,136,1,104,40
135,137,1,28,1
136,137,1,24,20
137,137,1,101,40
138,138,1,71,1
139,138,1,82,20
140,138,1,12,40
141,139,1,35,1
142,139,1,111,20
143,139,1,26,40
144,140,1,40,1
145,140,1,88,20
146,140,1,104,40
147,141,1,24,1
148,141,1,7,20
149,141,1,104,40
150,142,1,118,1
151,142,1,88,20
152,142,1,112,40
153,143,1,40,1
154,143,1,8,20
155,143,1,80,40
156,144,1,43,1
157,144,1,7,20
158,144,1,84,40
159,145,1,84,1
160,145,1,80,20
161,145,1,110,40
162,146,1,45,1
163,146,1,77,20
164,146,1,113,40
165,147,1,43,1
166,147,1,8,20
167,147,1,70,40
168,148,1,33,1
169,148,1,13,20
170,148,1,79,40
171,149,1,30,1
172,149,1,7,20
173,149,1,73,40
174,150,1,33,1
175,150,1,64,20
176,150,1,117,40
177,151,1,89,1
178,151,1,78,20
179,151,1,45,40
180,152,1,40,1
181,152,1,7,20
182,152,1,45,40
183,153,1,113,1
184,153,1,114,20
185,153,1,39,40
186,154,1,32,1
187,154,1,78,20
188,154,1,42,40
189,155,1,40,1
190,155,1,45,20
191,155,1,42,40
192,156,1,11,1
193,156,1,32,20
194,156,1,107,40
195,157,1,77,1
196,157,1,10,20
197,157,1,93,40
198,158,1,40,1
199,158,1,116,20
200,158,1,76,40
201,159,1,10,1
202,159,1,12,20
203,159,1,62,40
204,160,1,22,1
205,160,1,40,20
206,160,1,69,40
207,161,1,62,1
208,161,1,42,20
209,161,1,84,40
210,162,1,84,1
211,162,1,92,20
212,162,1,45,40
213,164,1,35,1
214,164,1,8,20
215,164,1,80,40
216,165,1,52,1
217,165,1,116,20
218,165,1,36,40
219,166,1,113,1
220,166,1,63,20
221,166,1,39,40
222,167,1,76,1
223,167,1,82,20
224,167,1,88,40
225,168,1,77,1
226,168,1,118,20
227,168,1,76,40
228,169,1,46,1
229,169,1,40,20
230,169,1,83,40
231,170,1,115,1
232,170,1,7,20
233,170,1,77,40
234,171,1,43,1
235,171,1,70,20
236,171,1,5,40
237,172,1,31,1
238,172,1,112,20
239,172,1,24,40
240,173,1,80,1
241,173,1,33,20
242,173,1,111,40
243,174,1,22,1
244,174,1,40,20
245,174,1,104,40
246,175,1,71,1
247,175,1,43,20
248,175,1,72,40
249,176,1,26,1
250,176,1,24,20
251,176,1,205,40
252,177,1,92,1
253,177,1,71,20
254,177,1,14,40
255,178,1,1,1
256,178,1,70,20
257,178,1,79,40
258,179,1,13,1
259,179,1,26,20
260,179,1,101,40
261,180,1,27,1
262,180,1,77,20
263,180,1,40,40
264,181,1,112,1
265,181,1,45,20
266,181,1,10,40
267,182,1,93,1
268,182,1,40,20
269,182,1,43,40
270,183,1,23,1
271,183,1,40,20
272,183,1,103,40
273,184,1,34,1
274,184,1,77,20
275,184,1,45,40
276,185,1,6,1
277,185,1,45,20
278,185,1,119,40
279,186,1,18,1
280,186,1,73,20
281,186,1,13,40
282,187,1,7,1
283,187,1,89,20
284,187,1,102,40
285,188,1,22,1
286,188,1,47,20
287,188,1,106,40
288,189,1,40,1
289,189,1,65,20
290,189,1,80,40
291,190,1,6,1
292,190,1,90,20
293,190,1,5,40
294,191,1,115,1
295,191,1,8,20
296,191,1,80,40
297,192,1,68,1
298,192,1,23,20
299,192,1,85,40
300,193,1,24,1
301,193,1,46,20
302,193,1,104,40
303,194,1,117,1
304,194,1,29,20
305,194,1,66,40
306,195,1,53,1
307,195,1,9,20
308,195,1,107,40
309,196,1,39,1
310,196,1,28,20
311,196,1,95,40
312,197,1,46,1
313,197,1,85,20
314,197,1,8,40
315,198,1,113,1
316,198,1,31,20
317,198,1,68,40
318,199,1,93,1
319,199,1,17,20
320,199,1,71,40
321,200,1,76,1
322,200,1,81,20
323,200,1,73,40
324,201,1,115,1
325,201,1,39,20
326,201,1,78,40
327,202,1,80,1
328,202,1,76,20
329,202,1,108,40
330,203,1,12,1
331,203,1,89,20
332,203,1,80,40
333,204,1,65,1
334,204,1,25,20
335,204,1,113,40
336,205,1,25,1
337,205,1,118,20
338,205,1,98,40
339,206,1,25,1
340,206,1,11,20
341,206,1,32,40
342,207,1,116,1
343,207,1,64,20
344,207,1,91,40
345,208,1,116,1
346,208,1,114,20
347,208,1,91,40
348,209,1,118,1
349,209,1,77,20
350,209,1,45,40
351,210,1,114,1
352,210,1,6,20
353,210,1,23,40
354,211,1,117,1
355,211,1,18,20
356,211,1,82,40
357,212,1,25,1
358,212,1,112,20
359,212,1,14,40
360,213,1,31,1
361,213,1,42,20
362,213,1,45,40
363,214,1,12,1
364,214,1,73,20
365,214,1,95,40
366,215,1,116,1
367,215,1,8,20
368,215,1,14,40
369,216,1,100,1
370,216,1,113,20
371,216,1,83,40
372,217,1,7,1
373,217,1,40,20
374,217,1,84,40
375,218,1,118,1
376,218,1,76,20
377,218,1,40,40
378,219,1,111,1
379,219,1,114,20
380,219,1,11,40
381,220,1,40,1
382,220,1,65,20
383,220,1,107,40
384,221,1,27,1
385,221,1,42,20
386,221,1,63,40
387,222,1,92,1
388,222,1,24,20
389,222,1,91,40
390,223,1,77,1
391,223,1,7,20
392,223,1,110,40
393,224,1,22,1
394,224,1,77,20
395,224,1,102,40
396,225,1,40,1
397,225,1,77,20
398,225,1,111,40
399,226,1,68,1
400,226,1,94,20
401,226,1,86,40
402,227,1,77,1
403,227,1,7,20
404,227,1,84,40
405,228,1,32,1
406,228,1,6,20
407,228,1,105,40
408,229,1,25,1
409,229,1,112,20
410,229,1,84,40
411,230,1,94,1
412,230,1,11,20
413,230,1,71,40
414,231,1,34,1
415,231,1,91,20
416,231,1,89,40
417,232,1,6,1
418,232,1,10,20
419,232,1,9,40
420,233,1,66,1
421,233,1,40,20
422,233,1,77,40
423,234,1,30,1
424,234,1,8,20
425,234,1,67,40
426,235,1,36,1
427,235,1,85,20
428,235,1,88,40
429,236,1,6,1
430,236,1,33,20
431,236,1,117,40
432,238,1,115,1
433,238,1,45,20
434,238,1,70,40
435,239,1,1,1
436,239,1,84,20
437,239,1,105,40
438,240,1,22,1
439,240,1,96,20
440,240,1,105,40
441,241,1,1,1
442,242,1,37,1
443,242,1,115,20
444,242,1,94,40
445,243,1,28,1
446,243,1,42,20
447,243,1,72,40
448,244,1,43,1
449,244,1,73,20
450,244,1,102,40
451,241,1,84,20
452,241,1,73,40
453,245,1,6,1
454,245,1,14,20
455,245,1,37,40
456,246,1,27,1
457,246,1,7,20
458,246,1,67,40
459,247,1,32,1
460,247,1,40,20
461,247,1,80,40
462,248,1,33,1
463,248,1,7,20
464,248,1,91,40
465,249,1,29,1
466,249,1,75,20
467,249,1,15,40
468,250,1,42,1
469,250,1,85,20
470,250,1,102,40
471,251,1,93,1
472,251,1,45,20
473,251,1,10,40
474,252,1,40,1
475,252,1,7,20
476,252,1,91,40
477,253,1,117,1
478,253,1,66,20
479,253,1,40,40
480,254,1,112,1
481,254,1,83,20
482,254,1,111,40
485,256,1,30,1
486,256,1,40,20
487,256,1,36,40
488,257,1,66,1
489,257,1,23,20
490,257,1,89,40
491,258,1,77,1
492,258,1,47,20
493,258,1,83,40
494,259,1,63,1
495,259,1,7,20
496,259,1,90,40
497,260,1,23,1
498,260,1,40,20
499,260,1,69,40
500,261,1,6,1
501,261,1,33,20
502,261,1,45,40
503,262,1,113,1
504,262,1,40,20
505,262,1,12,40
506,263,1,84,1
507,263,1,70,20
508,263,1,102,40
509,264,1,62,1
510,264,1,118,20
511,264,1,113,40
512,265,1,22,1
513,265,1,77,20
514,265,1,84,40
515,266,1,111,1
516,266,1,40,20
517,266,1,45,40
518,267,1,45,1
519,267,1,77,20
520,267,1,42,40
521,268,1,24,1
522,268,1,101,20
523,268,1,8,40
524,269,1,45,1
525,269,1,65,20
526,269,1,5,40
527,270,1,40,1
528,270,1,65,20
529,270,1,118,40
530,271,1,40,1
531,271,1,18,20
532,271,1,103,40
533,272,1,40,1
534,272,1,85,20
535,272,1,109,40
536,273,1,111,1
537,273,1,40,20
538,273,1,113,40
539,245,2,3,1
540,245,2,20,1
541,245,2,113,60
542,242,2,3,1
543,242,2,61,1
544,242,2,98,60
545,247,2,3,1
546,247,2,20,1
547,247,2,24,60
548,246,2,3,1
549,246,2,107,1
550,246,2,87,60
551,231,2,3,1
552,231,2,57,1
553,231,2,62,60
555,204,2,3,1
556,204,2,80,1
557,204,2,115,60
558,177,2,3,1
559,177,2,74,1
560,177,2,73,60
561,265,2,3,1
562,265,2,111,1
563,265,2,102,60
564,229,2,3,1
565,229,2,105,1
566,229,2,113,60
567,173,2,1,1
568,173,2,20,1
569,173,2,16,60
570,143,2,3,1
571,143,2,91,1
572,143,2,110,60
573,153,2,2,1
574,153,2,62,1
575,153,2,91,60
576,193,2,3,1
577,193,2,101,1
578,193,2,114,60
579,236,2,3,1
580,236,2,19,1
581,236,2,76,60
582,122,2,3,1
583,122,2,37,1
584,122,2,67,60
585,159,2,3,1
586,159,2,96,1
587,159,2,100,60
588,168,2,3,1
589,168,2,63,1
590,168,2,97,60
591,157,2,3,1
592,157,2,57,1
593,157,2,97,60
594,170,2,3,1
595,170,2,45,1
596,170,2,65,60
597,226,2,3,1
598,226,2,79,1
599,226,2,121,60
600,211,2,4,1
601,211,2,96,1
602,211,2,87,60
603,201,2,2,1
604,201,2,40,1
605,201,2,108,60
606,232,2,3,1
607,232,2,11,1
608,232,2,82,60
609,250,2,3,1
610,250,2,60,1
611,250,2,97,60
612,181,2,3,1
613,181,2,72,1
614,181,2,102,60
615,184,2,3,1
616,184,2,119,1
617,184,2,5,60
618,224,2,1,1
619,224,2,79,1
620,224,2,97,60
621,126,2,3,1
622,126,2,19,1
623,126,2,117,60
624,152,2,3,1
625,152,2,102,1
626,152,2,22,60
627,244,2,3,1
628,244,2,10,1
629,244,2,75,60
630,239,2,12,1
631,239,2,77,1
632,239,2,42,60
633,161,2,3,1
634,161,2,119,1
635,161,2,10,60
636,264,2,2,1
637,264,2,34,1
638,264,2,85,60
639,235,2,3,1
640,235,2,55,1
641,235,2,44,60
642,187,2,3,1
643,187,2,112,1
644,187,2,85,60
645,208,2,3,1
646,208,2,77,1
647,208,2,88,60
648,196,2,3,1
649,196,2,12,1
650,196,2,41,60
651,132,2,3,1
652,132,2,60,1
653,132,2,21,60
654,212,2,3,1
655,212,2,81,1
656,212,2,15,60
657,200,2,3,1
658,200,2,87,1
659,200,2,97,60
660,172,2,2,1
661,172,2,13,1
662,172,2,95,60
663,119,2,3,1
664,119,2,74,1
665,119,2,115,60
666,252,2,3,1
667,252,2,30,1
668,252,2,110,60
669,190,2,3,1
670,190,2,79,1
671,190,2,48,60
672,214,2,3,1
673,214,2,41,1
674,214,2,99,60
675,194,2,3,1
676,194,2,40,1
677,194,2,109,60
678,133,2,3,1
679,133,2,84,1
680,133,2,5,60
681,140,2,2,1
682,140,2,79,1
683,140,2,24,60
684,178,2,42,1
685,178,2,44,1
686,178,2,63,60
687,162,2,3,1
688,162,2,11,1
689,162,2,98,60
690,113,2,2,1
691,113,2,22,1
692,113,2,113,60
693,114,2,3,1
694,114,2,9,1
695,114,2,87,60
696,115,2,3,1
697,115,2,86,1
698,115,2,121,60
699,128,2,3,1
700,128,2,40,1
701,128,2,85,60
702,116,2,4,1
703,116,2,72,1
704,116,2,80,60
705,118,2,3,1
706,118,2,20,1
707,118,2,27,60
708,120,2,1,1
709,120,2,11,1
710,120,2,97,60
711,121,2,3,1
712,121,2,80,1
713,121,2,5,60
714,165,2,4,1
715,165,2,83,1
716,165,2,74,60
717,254,2,2,1
718,254,2,81,1
719,254,2,116,60
720,217,2,3,1
721,217,2,113,1
722,217,2,5,60
723,183,2,3,1
724,183,2,20,1
725,183,2,76,60
726,124,2,3,1
727,124,2,60,1
728,124,2,96,60
729,127,2,3,1
730,127,2,87,1
731,127,2,97,60
732,129,2,3,1
733,129,2,86,1
734,129,2,97,60
735,131,2,3,1
736,131,2,67,1
737,131,2,75,60
738,135,2,2,1
739,135,2,35,1
740,135,2,118,60
741,137,2,3,1
742,137,2,26,1
743,137,2,14,60
744,138,2,3,1
745,138,2,230,1
746,138,2,90,60
747,150,2,3,1
748,150,2,56,1
749,150,2,83,60
750,185,2,3,1
751,185,2,62,1
752,185,2,48,60
753,220,2,3,1
754,220,2,115,1
755,220,2,80,60
756,139,2,3,1
757,139,2,74,1
758,139,2,97,60
761,142,2,3,1
762,142,2,7,1
763,142,2,35,60
764,147,2,3,1
765,147,2,42,1
766,147,2,106,60
767,149,2,2,1
768,149,2,40,1
769,149,2,110,60
770,151,2,3,1
771,151,2,12,1
772,151,2,93,60
773,154,2,3,1
774,154,2,11,1
775,154,2,45,60
776,155,2,3,1
777,155,2,78,1
778,155,2,5,60
779,158,2,3,1
780,158,2,7,1
781,158,2,36,60
782,160,2,3,1
783,160,2,13,1
784,160,2,87,60
785,164,2,3,1
786,164,2,20,1
787,164,2,118,60
788,166,2,2,1
789,166,2,41,1
790,166,2,20,60
791,167,2,3,1
792,167,2,99,1
793,167,2,20,60
794,169,2,3,1
795,169,2,74,1
796,169,2,84,60
797,171,2,2,1
798,171,2,84,1
799,171,2,42,60
800,175,2,3,1
801,175,2,17,1
802,175,2,67,60
803,179,2,3,1
804,179,2,99,1
805,179,2,39,60
806,186,2,3,1
807,186,2,81,1
808,186,2,97,60
809,188,2,3,1
810,188,2,84,1
811,188,2,26,60
812,189,2,3,1
813,189,2,87,1
814,189,2,76,60
815,191,2,3,1
816,191,2,34,1
817,191,2,65,60
818,195,2,3,1
819,195,2,39,1
820,195,2,97,60
821,198,2,2,1
822,198,2,231,1
823,198,2,111,60
824,199,2,3,1
825,199,2,43,1
826,199,2,72,60
827,202,2,3,1
828,202,2,17,1
829,202,2,97,60
830,203,2,2,1
831,203,2,40,1
832,203,2,91,60
833,205,2,3,1
834,205,2,231,1
835,205,2,92,60
836,206,2,3,1
837,206,2,119,1
838,206,2,87,60
839,207,2,3,1
840,207,2,36,1
841,207,2,111,60
842,209,2,3,1
843,209,2,63,1
844,209,2,33,60
845,213,2,2,1
846,213,2,7,1
847,213,2,10,60
848,215,2,3,1
849,215,2,57,1
850,215,2,98,60
851,216,2,3,1
852,216,2,232,1
853,216,2,96,60
854,218,2,3,1
855,218,2,81,1
856,218,2,97,60
857,219,2,3,1
858,219,2,48,1
859,219,2,113,60
860,221,2,2,1
861,221,2,12,1
862,221,2,107,60
863,222,2,3,1
864,222,2,12,1
865,222,2,41,60
866,223,2,2,1
867,223,2,84,1
868,223,2,75,60
869,227,2,2,1
870,227,2,89,1
871,227,2,37,60
872,230,2,3,1
873,230,2,23,1
874,230,2,96,60
875,234,2,3,1
876,234,2,120,1
877,234,2,32,60
878,241,2,45,1
879,241,2,106,1
880,241,2,5,60
881,238,2,2,1
882,238,2,87,1
883,238,2,108,60
884,243,2,3,1
885,243,2,80,1
886,243,2,84,60
887,249,2,1,1
888,249,2,20,1
889,249,2,8,60
890,253,2,3,1
891,253,2,81,1
892,253,2,97,60
893,256,2,3,1
894,256,2,12,1
895,256,2,110,60
896,257,2,3,1
897,257,2,77,1
898,257,2,97,60
899,258,2,3,1
900,258,2,74,1
901,258,2,97,60
902,259,2,3,1
903,259,2,40,1
904,259,2,76,60
905,260,2,2,1
906,260,2,78,1
907,260,2,103,60
908,262,2,3,1
909,262,2,20,1
910,262,2,46,60
911,263,2,3,1
912,263,2,7,1
913,263,2,108,60
914,267,2,4,1
915,267,2,118,1
916,267,2,5,60
917,268,2,3,1
918,268,2,13,1
919,268,2,46,60
920,269,2,3,1
921,269,2,113,1
922,269,2,32,60
923,270,2,2,1
924,270,2,7,1
925,270,2,35,60
926,271,2,3,1
927,271,2,21,1
928,271,2,15,60
929,272,2,3,1
930,272,2,45,1
931,272,2,97,60
932,273,2,3,1
933,273,2,7,1
934,273,2,85,60
935,123,2,3,1
936,123,2,38,1
937,123,2,233,60
938,303,1,28,1
939,303,1,42,20
940,303,1,72,40
941,303,2,3,1
942,303,2,80,1
943,303,2,84,60
944,130,2,3,1
945,130,2,55,1
946,130,2,233,60
947,289,1,40,1
948,289,1,46,20
949,289,1,81,40
950,289,2,3,1
951,289,2,21,1
952,289,2,15,60
953,304,1,33,1
954,304,1,101,20
955,304,1,71,40
956,304,2,3,1
957,304,2,231,1
958,304,2,233,60
959,228,2,3,1
960,228,2,84,1
961,228,2,25,60
962,248,2,3,1
963,248,2,89,1
964,248,2,87,60
965,240,2,1,1
966,240,2,46,1
967,240,2,87,60
968,145,2,1,1
969,145,2,41,1
970,145,2,16,60
971,275,1,37,1
972,275,1,66,20
973,275,1,91,40
974,275,2,3,1
975,275,2,40,1
976,275,2,115,60
977,274,1,84,1
978,274,1,81,20
979,274,1,108,40
980,274,2,3,1
981,274,2,28,1
982,274,2,234,60
983,277,1,6,1
984,277,1,92,20
985,277,1,94,40
986,277,2,3,1
987,277,2,232,1
988,277,2,88,60
989,251,2,3,1
990,251,2,33,1
991,251,2,72,60
992,261,2,3,1
993,261,2,78,1
994,261,2,48,60
995,276,1,34,1
996,276,1,78,20
997,276,1,62,40
998,276,2,3,1
999,276,2,19,1
1000,276,2,97,60
1001,192,2,3,1
1002,192,2,25,1
1003,192,2,105,60
1004,299,1,93,1
1005,299,1,17,20
1006,299,1,43,40
1007,299,2,3,1
1008,299,2,100,1
1009,299,2,48,60
1010,305,1,23,1
1011,305,1,80,20
1012,305,1,103,40
1013,305,2,1,1
1014,305,2,18,1
1015,305,2,88,60
1016,134,2,1,1
1017,134,2,56,1
1018,134,2,97,60
1019,233,2,4,1
1020,233,2,117,1
1021,233,2,45,60
1022,306,1,77,1
1023,306,1,6,20
1024,306,1,111,40
1025,306,2,4,1
1026,306,2,48,1
1027,306,2,87,60
1028,210,2,3,1
1029,210,2,39,1
1030,210,2,48,60
1032,266,2,3,1
1033,266,2,104,1
1034,266,2,91,60
1035,182,2,3,1
1036,182,2,7,1
1037,182,2,42,60
1038,144,2,2,1
1039,144,2,77,1
1040,144,2,110,60
1041,292,1,111,1
1042,292,1,82,20
1043,292,1,112,40
1044,292,2,3,1
1045,292,2,41,1
1046,292,2,95,60
1047,197,2,3,1
1048,197,2,99,1
1049,197,2,101,60
1050,278,1,75,1
1051,278,1,6,20
1052,278,1,94,40
1053,278,2,3,1
1054,278,2,19,1
1055,278,2,48,60
1056,307,1,9,1
1057,307,1,12,20
1058,307,1,17,40
1059,307,2,3,1
1060,307,2,61,1
1061,307,2,44,60
1062,180,2,2,1
1063,180,2,7,1
1064,180,2,107,60
1065,300,1,11,1
1066,300,1,42,20
1067,300,1,67,40
1068,300,2,1,1
1069,300,2,118,1
1070,300,2,97,60
1071,282,1,115,1
1072,282,1,65,20
1073,282,1,37,40
1074,282,2,3,1
1075,282,2,6,1
1076,282,2,9,60
1079,136,2,3,1
1080,136,2,48,1
1081,136,2,32,60
1082,308,1,37,1
1083,308,1,9,20
1084,308,1,115,40
1085,308,2,3,1
1086,308,2,20,1
1087,308,2,65,60
1088,156,2,1,1
1089,156,2,48,1
1090,156,2,97,60
1091,309,1,78,1
1092,309,1,236,20
1093,309,1,106,40
1094,309,2,4,1
1095,309,2,87,1
1096,309,2,48,60
1097,283,1,205,1
1098,283,1,115,20
1099,283,1,8,40
1100,283,2,3,1
1101,283,2,74,1
1102,283,2,97,60
1103,141,2,3,1
1104,141,2,86,1
1105,141,2,97,60
1106,176,2,4,1
1107,176,2,238,1
1108,176,2,104,60
1109,295,1,52,1
1110,295,1,119,20
1111,295,1,85,40
1112,295,2,3,1
1113,295,2,62,1
1114,295,2,97,60
1115,288,1,54,1
1116,288,1,101,20
1117,288,1,13,40
1118,288,2,3,1
1119,288,2,8,1
1120,288,2,97,60
1121,117,2,3,1
1122,117,2,85,1
1123,117,2,67,60
1124,297,1,13,1
1125,297,1,9,20
1126,297,1,110,40
1127,297,2,3,1
1128,297,2,238,1
1129,297,2,20,60
1130,310,1,22,1
1131,310,1,14,20
1132,310,1,88,40
1133,310,2,3,1
1134,310,2,20,1
1135,310,2,102,60
1136,146,2,3,1
1137,146,2,84,1
1138,146,2,120,60
1139,296,1,52,1
1140,296,1,66,20
1141,296,1,10,40
1142,296,2,3,1
1143,296,2,44,1
1144,296,2,97,60
1145,293,1,81,1
1146,293,1,92,20
1147,293,1,82,40
1148,293,2,3,1
1149,293,2,14,1
1150,293,2,97,60
1151,311,1,112,1
1152,311,1,118,20
1153,311,1,84,40
1154,311,2,3,1
1155,311,2,40,1
1156,311,2,35,60
1157,284,1,36,1
1158,284,1,91,20
1159,284,1,116,40
1160,284,2,3,1
1161,284,2,64,1
1162,284,2,113,60
1163,286,1,118,1
1164,286,1,47,20
1165,286,1,69,40
1166,286,2,3,1
1167,286,2,11,1
1168,286,2,39,60
1169,312,1,31,1
1170,312,1,81,20
1171,312,1,47,40
1172,312,2,3,1
1173,312,2,21,1
1174,312,2,97,60
1175,313,1,22,1
1176,313,1,78,20
1177,313,1,72,40
1178,313,2,3,1
1179,313,2,105,1
1180,313,2,75,60
1181,225,2,2,1
1182,225,2,12,1
1183,225,2,91,60
1184,174,2,3,1
1185,174,2,88,1
1186,174,2,102,60
1187,314,1,70,1
1188,314,1,93,20
1189,314,1,85,40
1190,314,2,3,1
1191,314,2,72,1
1192,314,2,97,60
1193,111,2,3,1
1194,111,2,54,1
1195,111,2,97,60
1196,281,1,27,1
1197,281,1,40,20
1198,281,1,105,40
1199,281,2,3,1
1200,281,2,88,1
1201,281,2,107,60
1202,315,1,28,1
1203,315,1,95,20
1204,315,1,100,40
1205,315,2,3,1
1206,315,2,74,1
1207,315,2,75,60
1208,280,1,25,1
1209,280,1,13,20
1210,280,1,98,40
1211,280,2,3,1
1212,280,2,71,1
1213,280,2,231,60
1214,316,1,32,1
1215,316,1,6,20
1216,316,1,110,40
1217,316,2,3,1
1218,316,2,102,1
1219,316,2,48,60
1220,294,1,17,1
1221,294,1,71,20
1222,294,1,45,40
1223,294,2,3,1
1224,294,2,42,1
1225,294,2,73,60
1226,298,2,3,1
1227,298,2,102,1
1228,298,2,72,60
1229,298,1,32,1
1230,298,1,6,20
1231,298,1,40,40
1232,318,1,7,1
1233,318,1,116,20
1234,318,1,14,40
1235,318,2,3,1
1236,318,2,12,1
1237,318,2,44,60
1244,320,1,77,1
1245,320,1,93,20
1246,320,1,45,40
1247,320,2,3,1
1248,320,2,72,1
1249,320,2,75,60
1250,321,1,22,1
1251,321,1,84,20
1252,321,1,75,40
1253,321,2,1,1
1254,321,2,71,1
1255,321,2,234,60
1256,279,1,116,1
1257,279,1,115,20
1258,279,1,64,40
1259,279,2,1,1
1260,279,2,65,1
1261,279,2,97,60
1274,551,1,22,1
1275,551,1,110,20
1276,551,1,26,40
1277,551,2,3,1
1278,551,2,238,1
1279,551,2,101,60
1280,548,1,43,1
1281,548,1,39,20
1282,548,1,67,40
1283,548,2,3,1
1284,548,2,48,1
1285,548,2,114,60
1286,322,1,205,1
1287,322,1,31,20
1288,322,1,85,40
1289,322,2,2,1
1290,322,2,19,1
1291,322,2,15,60
1292,323,1,89,20
1293,323,1,40,40
1294,323,2,3,1
1295,323,2,22,1
1296,323,2,108,60
1297,324,1,68,1
1298,324,1,81,20
1299,324,1,15,40
1300,324,2,2,1
1301,324,2,84,1
1302,324,2,72,60
1303,325,1,100,1
1304,325,1,7,20
1305,325,1,108,40
1306,325,2,3,1
1307,325,2,44,1
1308,325,2,97,60
1309,326,1,40,1
1310,326,1,14,20
1311,326,1,102,40
1312,326,2,3,1
1313,326,2,111,1
1314,327,1,6,1
1315,327,1,43,20
1316,327,1,17,40
1317,327,2,3,1
1318,327,2,26,1
1319,327,2,5,60
1320,328,1,30,1
1321,328,1,111,20
1322,328,1,112,40
1323,328,2,3,1
1324,328,2,110,1
1325,328,2,74,60
1326,329,1,82,20
1327,329,1,111,40
1328,329,2,3,1
1329,329,2,74,1
1330,329,2,97,60
1331,578,1,111,1
1332,578,1,14,20
1333,578,2,3,1
1334,578,2,6,1
1335,326,2,107,60
1336,578,1,107,40
1337,578,2,27,60
1338,330,1,34,1
1339,330,1,119,20
1340,330,1,46,40
1341,330,2,2,1
1342,330,2,61,1
1343,330,2,74,60
1344,331,1,31,1
1345,331,1,18,20
1346,331,1,13,40
1347,331,2,2,1
1348,331,2,230,1
1349,331,2,234,60
1350,332,1,22,1
1351,332,1,118,20
1352,332,1,43,40
1353,332,2,3,1
1354,332,2,45,1
1355,332,2,117,60
1356,333,1,81,1
1357,333,1,29,20
1358,333,1,233,40
1359,333,2,3,1
1360,333,2,76,1
1361,333,2,97,60
1362,334,1,83,1
1363,334,1,111,20
1364,334,1,92,40
1365,334,2,3,1
1366,334,2,20,1
1367,334,2,238,60
1368,335,1,80,1
1369,335,1,110,20
1370,335,1,84,40
1371,335,2,1,1
1372,335,2,16,1
1373,335,2,87,60
1374,640,1,24,1
1375,640,1,31,20
1376,640,1,65,40
1377,640,2,2,1
1378,640,2,41,1
1379,640,2,104,60
1380,336,1,76,1
1381,336,1,12,20
1382,336,1,111,40
1383,336,2,3,1
1384,336,2,44,1
1385,336,2,55,60
1386,337,1,38,1
1387,337,1,117,20
1388,337,1,28,40
1389,337,2,3,1
1390,337,2,108,1
1391,337,2,85,60
1392,338,1,12,20
1393,338,1,106,40
1394,338,2,3,1
1395,338,2,74,1
1396,338,2,85,60
1397,641,1,111,1
1398,641,1,83,20
1399,641,1,76,40
1400,641,2,3,1
1401,641,2,74,1
1402,641,2,61,60
1403,339,1,1,1
1404,339,1,7,20
1405,339,1,84,40
1406,339,2,100,1
1407,339,2,117,1
1408,339,2,44,60
1409,340,1,80,1
1410,340,1,98,20
1411,340,1,69,40
1412,340,2,1,1
1413,340,2,91,1
1414,340,2,16,60
1415,341,1,81,1
1416,341,1,14,20
1417,341,1,88,40
1418,341,2,3,1
1419,341,2,20,1
1420,341,2,15,60
1421,342,1,32,1
1422,342,1,72,20
1423,342,1,91,40
1424,342,2,3,1
1425,342,2,70,1
1426,342,2,19,60
1427,343,1,1,1
1428,343,1,42,20
1429,343,1,93,40
1430,343,2,26,1
1431,343,2,106,1
1432,343,2,90,60
1433,344,1,14,1
1434,344,1,31,20
1435,344,1,8,40
1436,344,2,2,1
1437,344,2,230,1
1438,344,2,19,60
1439,345,1,13,1
1440,345,1,22,20
1441,345,1,30,40
1442,345,2,3,1
1443,345,2,90,1
1444,345,2,230,60
1445,346,1,64,1
1446,346,1,52,20
1447,346,1,116,40
1448,346,2,3,1
1449,346,2,19,1
1450,346,2,97,60
1451,347,1,24,1
1452,347,1,12,20
1453,347,1,108,40
1454,347,2,3,1
1455,347,2,41,1
1456,347,2,97,60
1457,348,1,113,20
1458,348,1,111,40
1459,348,2,3,1
1460,348,2,63,1
1461,348,2,42,60
1462,349,1,90,20
1463,349,1,84,40
1464,349,2,1,1
1465,349,2,82,1
1466,349,2,15,60
1467,350,1,1,1
1468,350,1,31,20
1469,350,1,90,40
1470,350,2,5,1
1471,350,2,19,1
1472,350,2,44,60
1473,351,1,71,1
1474,351,1,84,20
1475,351,1,75,40
1476,351,2,2,1
1477,351,2,46,1
1478,351,2,48,60
1479,352,1,43,1
1480,352,1,90,20
1481,352,1,12,40
1482,352,2,3,1
1483,352,2,5,1
1484,352,2,21,60
1485,353,1,234,1
1486,353,1,81,20
1487,353,1,47,40
1488,353,2,2,1
1489,353,2,46,1
1490,353,2,28,60
1491,354,1,43,1
1492,354,1,27,20
1493,354,1,90,40
1494,354,2,3,1
1495,354,2,96,1
1496,354,2,88,60
1497,355,1,26,1
1498,355,1,29,20
1499,355,1,102,40
1500,355,2,3,1
1501,355,2,87,1
1502,355,2,106,60
1503,356,1,5,1
1504,356,1,100,20
1505,356,1,89,40
1506,356,2,3,1
1507,356,2,44,1
1508,356,2,35,60
1509,357,1,45,1
1510,357,1,84,20
1511,357,1,119,40
1512,357,2,3,1
1513,357,2,62,1
1514,579,1,116,1
1515,579,1,101,20
1516,579,1,107,40
1517,579,2,3,1
1518,579,2,72,1
1519,579,2,41,60
1520,577,1,93,1
1521,577,1,7,20
1522,577,1,107,40
1523,577,2,3,1
1524,577,2,72,1
1525,577,2,12,60
1526,575,1,88,1
1527,575,1,90,20
1528,575,1,68,40
1529,575,2,3,1
1530,575,2,56,1
1531,575,2,230,60
1532,358,1,1,1
1533,358,1,84,20
1534,358,1,93,40
1535,358,2,5,1
1536,358,2,40,1
1537,358,2,63,60
1538,359,1,40,1
1539,359,1,236,20
1540,359,1,11,40
1541,359,2,3,1
1542,359,2,60,1
1543,359,2,87,60
1544,360,1,113,1
1545,360,1,38,20
1546,360,1,110,40
1547,360,2,3,1
1548,360,2,32,1
1549,360,2,72,60
1550,361,1,38,1
1551,361,1,25,20
1552,361,1,42,40
1553,361,2,3,1
1554,361,2,29,1
1555,361,2,105,60
1556,567,1,22,1
1557,567,1,102,20
1558,567,1,236,40
1559,567,2,3,1
1560,567,2,41,1
1561,567,2,232,60
1562,362,1,35,1
1563,362,1,94,20
1564,362,1,6,40
1565,362,2,3,1
1566,362,2,11,1
1567,362,2,19,60
1568,363,1,75,1
1569,363,1,102,20
1570,363,1,12,40
1571,363,2,3,1
1572,363,2,57,1
1573,363,2,32,60
1574,364,1,26,1
1575,364,1,32,20
1576,364,1,106,40
1577,364,2,4,1
1578,364,2,98,60
1579,365,1,98,1
1580,365,1,83,20
1581,365,1,37,40
1582,365,2,4,1
1583,365,2,93,60
1584,621,1,11,1
1585,621,1,73,20
1586,621,1,89,40
1587,621,2,3,1
1588,621,2,55,1
1589,621,2,44,60
1590,366,1,40,1
1591,366,1,26,20
1592,366,1,106,40
1593,366,2,3,1
1594,366,2,87,1
1595,366,2,232,60
1596,624,1,22,1
1597,624,1,17,20
1598,624,1,78,40
1599,624,2,3,1
1600,624,2,19,1
1601,624,2,100,60
1602,367,1,40,1
1603,367,1,118,20
1604,367,1,110,40
1605,367,2,3,1
1606,367,2,42,1
1607,367,2,63,60
1608,589,1,75,1
1609,589,1,106,20
1610,589,1,78,40
1611,589,2,2,1
1612,589,2,44,1
1613,589,2,10,60
1614,369,1,84,1
1615,369,1,102,20
1616,369,1,5,40
1617,369,2,3,1
1618,369,2,42,1
1619,369,2,90,60
1620,370,1,111,1
1621,370,1,102,20
1622,370,1,89,40
1623,370,2,3,1
1624,370,2,48,1
1625,370,2,88,60
1626,371,1,1,1
1627,371,1,110,20
1628,371,1,83,40
1629,371,2,117,1
1630,371,2,16,60
1631,372,1,17,1
1632,372,1,43,20
1633,372,1,22,40
1634,372,2,3,1
1635,372,2,71,1
1636,372,2,97,60
1637,601,1,101,1
1638,601,1,113,20
1639,601,1,29,40
1640,601,2,3,1
1641,601,2,56,1
1642,601,2,238,60
1643,373,1,89,1
1644,373,1,110,20
1645,373,1,109,40
1646,373,2,3,1
1647,373,2,30,1
1648,373,2,10,60
1649,559,1,22,1
1650,559,1,102,20
1651,559,1,17,40
1652,559,2,1,1
1653,559,2,92,1
1654,559,2,97,60
1655,374,1,33,1
1656,374,1,94,20
1657,374,1,6,40
1658,374,2,3,1
1659,374,2,11,1
1660,374,2,9,60
1661,561,1,117,1
1662,561,1,84,20
1663,561,1,12,40
1664,561,2,3,1
1665,561,2,102,1
1666,561,2,45,60
1667,375,1,22,1
1668,375,1,118,20
1669,375,1,45,40
1670,375,2,3,1
1671,375,2,73,1
1672,375,2,75,60
1673,564,1,52,1
1674,564,1,102,20
1675,564,1,83,40
1676,564,2,4,1
1677,564,2,89,1
1678,564,2,90,60
1679,376,1,116,1
1680,376,1,23,20
1681,376,1,27,40
1682,376,2,1,1
1683,376,2,64,1
1684,376,2,97,60
1685,608,1,100,1
1686,608,1,102,20
1687,608,1,115,40
1688,608,2,3,1
1689,608,2,41,1
1690,608,2,73,60
1691,377,1,38,1
1692,377,1,28,20
1693,377,1,26,40
1694,377,2,3,1
1695,377,2,106,1
1696,377,2,233,60
1697,378,1,78,1
1698,378,1,107,20
1699,378,1,88,40
1700,378,2,3,1
1701,378,2,116,1
1702,378,2,75,60
1703,616,1,28,1
1704,616,1,89,40
1705,616,2,2,1
1706,616,2,21,1
1707,616,2,108,60
1708,554,1,43,1
1709,554,1,6,20
1710,554,1,9,40
1711,554,2,3,1
1712,554,2,38,1
1713,554,2,45,60
1714,379,1,75,1
1715,379,1,113,20
1716,379,1,115,40
1717,379,2,2,1
1718,379,2,74,1
1719,379,2,47,60
1720,380,1,28,1
1721,380,1,114,20
1722,380,1,69,40
1723,380,2,2,1
1724,380,2,21,1
1725,380,2,10,60
1726,381,1,63,1
1727,381,1,77,20
1728,381,1,113,40
1729,381,2,4,1
1730,381,2,11,1
1731,381,2,90,60
1732,382,1,14,1
1733,382,1,30,20
1734,382,1,36,40
1735,382,2,3,1
1736,382,2,21,1
1737,382,2,41,60
1738,383,1,16,1
1739,383,1,30,40
1740,383,2,3,1
1741,383,2,10,1
1742,383,2,48,60
1743,384,1,234,1
1744,384,1,22,40
1745,384,2,2,1
1746,384,2,75,1
1747,384,2,84,60
1748,627,1,22,1
1749,627,1,108,20
1750,627,1,90,40
1751,627,2,1,1
1752,627,2,21,1
1753,627,2,234,60
1754,628,1,42,1
1755,628,1,102,20
1756,628,1,45,40
1757,628,2,3,1
1758,628,2,75,1
1759,628,2,15,60
1760,582,1,23,1
1761,582,1,93,20
1762,582,1,103,40
1763,582,2,3,1
1764,582,2,5,1
1765,582,2,85,60
1766,290,1,17,1
1767,290,1,43,20
1768,290,1,100,40
1769,290,2,3,1
1770,290,2,53,1
1771,290,2,97,60
1772,572,1,40,1
1773,572,1,13,20
1774,572,1,8,40
1775,572,2,2,1
1776,572,2,31,1
1777,572,2,107,60
1778,385,1,5,1
1779,385,1,71,20
1780,385,1,118,40
1781,385,2,3,1
1782,385,2,84,1
1783,385,2,44,60
1784,386,1,23,1
1785,386,1,42,20
1786,386,1,103,40
1787,386,2,1,1
1788,386,2,101,1
1789,386,2,80,60
1790,387,1,38,1
1791,387,1,29,20
1792,387,1,103,40
1793,387,2,3,1
1794,387,2,56,1
1795,387,2,109,60
1796,388,1,38,1
1797,388,1,95,20
1798,388,1,26,40
1799,388,2,3,1
1800,388,2,66,1
1801,388,2,117,60
1802,389,1,38,1
1803,389,1,28,20
1804,389,1,94,40
1805,389,2,3,1
1806,389,2,98,1
1807,389,2,108,60
1808,390,1,117,1
1809,390,1,11,20
1810,390,1,69,40
1811,390,2,3,1
1812,390,2,116,1
1813,390,2,97,60
1814,391,1,120,1
1815,391,1,67,20
1816,391,1,107,40
1817,391,2,3,1
1818,391,2,27,1
1819,391,2,101,60
1820,392,1,94,1
1821,392,1,43,20
1822,392,1,91,40
1823,392,2,3,1
1824,392,2,6,1
1825,392,2,230,60
1826,393,1,10,1
1827,393,1,67,20
1828,393,1,103,40
1829,393,2,3,1
1830,393,2,75,1
1831,393,2,120,60
1832,394,1,64,1
1833,394,1,77,20
1834,394,1,116,40
1835,394,2,3,1
1836,394,2,84,1
1837,394,2,72,60
1838,395,1,40,1
1839,395,1,111,20
1840,395,1,104,40
1841,395,2,2,1
1842,395,2,31,1
1843,395,2,57,60
1844,396,1,9,1
1845,396,1,83,20
1846,396,1,24,40
1847,396,2,3,1
1848,396,2,104,1
1849,396,2,99,60
1850,569,1,22,1
1851,569,1,70,20
1852,569,1,108,40
1853,569,2,3,1
1854,569,2,20,1
1855,569,2,102,60
1856,397,1,86,1
1857,397,1,236,20
1858,397,1,64,40
1859,397,2,3,1
1860,397,2,19,1
1861,397,2,238,60
1862,398,1,94,1
1863,398,1,14,40
1864,398,2,1,1
1865,398,2,97,1
1866,398,2,66,60
1867,570,1,6,1
1868,570,1,91,20
1869,570,1,84,40
1870,570,2,3,1
1871,570,2,48,1
1872,570,2,94,60
1873,399,1,23,1
1874,399,1,75,20
1875,399,1,46,40
1876,399,2,3,1
1877,399,2,56,1
1878,399,2,27,60
1879,604,1,116,1
1880,604,1,64,20
1881,604,1,52,40
1882,604,2,1,1
1883,604,2,97,1
1884,604,2,36,60
1885,400,1,33,1
1886,400,1,9,20
1887,400,1,38,40
1888,400,2,3,1
1889,400,2,41,1
1890,400,2,60,60
1891,401,1,89,1
1892,401,1,106,20
1893,401,1,101,40
1894,401,2,3,1
1895,401,2,21,1
1896,401,2,57,60
1897,402,1,10,1
1898,402,1,12,20
1899,402,1,64,40
1900,402,2,3,1
1901,402,2,102,1
1902,402,2,97,60
1903,403,1,24,1
1904,403,1,17,20
1905,403,1,77,40
1906,403,2,2,1
1907,403,2,41,1
1908,403,2,96,60
1909,592,1,25,1
1910,592,1,106,20
1911,592,1,84,40
1912,592,2,1,1
1913,592,2,94,1
1914,592,2,48,60
1915,404,1,12,1
1916,404,1,47,20
1917,404,1,40,40
1918,404,2,3,1
1919,404,2,61,1
1920,404,2,91,60
1921,600,1,76,1
1922,600,1,29,20
1923,600,1,42,40
1924,600,2,3,1
1925,600,2,56,1
1926,600,2,103,60
1927,405,1,22,1
1928,405,1,14,20
1929,405,1,102,40
1930,405,2,3,1
1931,405,2,41,1
1932,405,2,20,60
1933,406,1,54,1
1934,406,1,73,20
1935,406,1,67,40
1936,406,2,3,1
1937,406,2,44,1
1938,406,2,97,60
1939,602,1,112,1
1940,602,1,54,20
1941,602,1,69,40
1942,602,2,2,1
1943,602,2,40,1
1944,602,2,62,60
1945,407,1,8,1
1946,407,1,89,20
1947,407,1,81,40
1948,407,2,3,1
1949,407,2,21,1
1950,407,2,15,60
1951,408,1,27,1
1952,408,1,107,20
1953,408,1,84,40
1954,408,2,1,1
1955,408,2,64,1
1956,408,2,41,60
1957,409,1,73,1
1958,409,1,29,20
1959,409,1,109,40
1960,409,2,3,1
1961,409,2,41,1
1962,409,2,57,60
1963,607,1,54,1
1964,607,1,23,20
1965,607,1,116,40
1966,607,2,3,1
1967,607,2,44,1
1968,607,2,90,60
1969,410,1,31,1
1970,410,1,43,20
1971,410,1,11,40
1972,410,2,2,1
1973,410,2,40,1
1974,410,2,104,60
1975,411,1,32,1
1976,411,1,118,20
1977,411,1,63,40
1978,411,2,3,1
1979,411,2,117,1
1980,411,2,100,60
1981,412,1,34,1
1982,412,1,33,20
1983,412,1,84,40
1984,412,2,4,1
1985,412,2,119,1
1986,413,1,15,1
1987,413,1,81,20
1988,413,1,205,40
1989,413,2,2,1
1990,413,2,22,1
1991,413,2,21,60
1992,414,1,29,1
1993,414,1,109,20
1994,414,1,95,40
1995,414,2,1,1
1996,414,2,233,1
1997,414,2,82,60
1998,291,1,52,1
1999,291,1,205,20
2000,291,1,95,40
2001,291,2,3,1
2002,291,2,94,1
2003,291,2,97,60
2004,416,1,77,1
2005,416,1,43,20
2006,416,1,76,40
2007,416,2,3,1
2008,416,2,67,1
2009,416,2,41,60
2010,553,1,75,1
2011,553,1,113,20
2012,553,1,79,40
2013,553,2,2,1
2014,553,2,104,1
2015,553,2,63,60
2016,580,1,100,1
2017,580,1,94,20
2018,580,1,11,40
2019,580,2,3,1
2020,580,2,116,1
2021,580,2,6,60
2022,552,1,40,1
2023,552,1,7,20
2024,552,1,72,40
2025,552,2,2,1
2026,552,2,44,1
2027,552,2,89,60
2028,563,1,63,1
2029,563,1,43,20
2030,563,1,40,40
2031,563,2,3,1
2032,563,2,29,1
2033,563,2,109,60
2034,417,1,36,1
2035,417,1,6,20
2036,417,1,85,40
2037,417,2,3,1
2038,417,2,93,1
2039,417,2,90,60
2040,418,1,83,1
2041,418,1,17,20
2042,418,1,46,40
2043,418,2,3,1
2044,418,2,232,1
2045,418,2,105,60
2046,419,1,82,1
2047,419,1,79,20
2048,419,1,23,40
2049,419,2,2,1
2050,419,2,230,1
2051,419,2,21,60
2052,420,1,17,1
2053,420,1,113,20
2054,420,1,80,40
2055,420,2,2,1
2056,420,2,60,1
2057,420,2,45,60
2058,421,1,31,1
2059,421,1,13,20
2060,421,1,18,40
2061,421,2,2,1
2062,421,2,21,1
2063,421,2,15,60
2064,574,1,116,1
2065,574,1,30,20
2066,574,1,98,40
2067,574,2,1,1
2068,574,2,40,1
2069,574,2,16,60
2070,560,1,84,1
2071,560,1,236,20
2072,560,1,11,40
2073,560,2,3,1
2074,560,2,48,1
2075,560,2,89,60
2076,422,1,17,1
2077,422,1,84,20
2078,422,1,45,40
2079,422,2,2,1
2080,422,2,22,1
2081,422,2,100,60
2082,423,1,68,1
2083,423,1,118,20
2084,423,1,84,40
2085,423,2,3,1
2086,423,2,95,60
2087,424,1,31,1
2088,424,1,13,20
2089,424,1,47,40
2090,424,2,2,1
2091,424,2,111,1
2092,424,2,21,60
2093,425,1,25,1
2094,425,1,17,20
2095,425,1,94,40
2096,425,2,1,1
2097,425,2,121,60
2098,426,1,5,1
2099,426,1,75,20
2100,426,1,77,40
2101,426,2,3,1
2102,426,2,44,60
2103,427,1,115,1
2104,427,1,65,20
2105,427,1,27,40
2106,427,2,3,1
2107,427,2,21,1
2108,427,2,89,60
2109,428,1,40,1
2110,428,1,114,20
2111,428,1,120,40
2112,428,2,3,1
2113,428,2,112,1
2114,428,2,108,60
2115,626,1,35,1
2116,626,1,105,20
2117,626,1,77,40
2118,626,2,2,1
2119,626,2,118,1
2120,626,2,72,60
2121,429,1,118,1
2122,429,1,83,20
2123,429,1,67,40
2124,429,2,3,1
2125,429,2,17,1
2126,429,2,97,60
2127,430,1,68,1
2128,430,1,112,20
2129,430,1,10,40
2130,430,2,1,1
2131,430,2,97,1
2132,430,2,73,60
2133,591,1,24,1
2134,591,1,42,20
2135,591,1,104,40
2136,591,2,2,1
2137,591,2,77,1
2138,591,2,36,60
2139,431,1,100,1
2140,431,1,12,20
2141,431,1,10,40
2142,431,2,3,1
2143,431,2,44,1
2144,431,2,72,60
2145,596,1,93,1
2146,596,1,43,20
2147,596,1,73,40
2148,596,2,3,1
2149,596,2,67,1
2150,596,2,41,60
2151,598,1,63,1
2152,598,1,118,20
2153,598,1,109,40
2154,598,2,3,1
2155,598,2,75,1
2156,598,2,35,60
2157,599,1,67,1
2158,599,1,71,20
2159,599,1,80,40
2160,599,2,1,1
2161,599,2,121,1
2162,599,2,26,60
2163,432,1,113,1
2164,432,1,26,20
2165,432,1,106,40
2166,432,2,3,1
2167,432,2,5,60
2168,433,1,63,1
2169,433,1,118,20
2170,433,1,7,40
2171,433,2,4,1
2172,433,2,80,1
2173,433,2,40,60
2174,434,1,31,1
2175,434,1,45,20
2176,434,1,94,40
2177,434,2,2,1
2178,434,2,19,1
2179,434,2,44,60
2180,435,1,28,1
2181,435,1,47,20
2182,435,1,113,40
2183,435,2,3,1
2184,435,2,17,1
2185,435,2,12,60
2186,436,1,72,1
2187,436,1,70,20
2188,436,1,85,40
2189,436,2,3,1
2190,436,2,53,1
2191,436,2,95,60
2192,635,1,17,1
2193,635,1,80,20
2194,635,1,75,40
2195,635,2,1,1
2196,635,2,121,1
2197,635,2,97,60
2198,437,1,29,1
2199,437,1,111,20
2200,437,1,83,40
2201,437,2,1,1
2202,437,2,118,1
2203,437,2,16,60
2204,438,1,40,1
2205,438,1,75,20
2206,438,1,43,40
2207,438,2,1,1
2208,438,2,45,1
2209,438,2,121,60
2210,610,1,67,1
2211,610,1,120,20
2212,610,1,11,40
2213,610,2,1,1
2214,610,2,232,1
2215,610,2,97,60
2216,613,1,89,1
2217,613,1,84,40
2218,613,2,3,1
2219,613,2,96,1
2220,613,2,45,60
2221,617,1,27,1
2222,617,1,43,20
2223,617,1,118,40
2224,617,2,2,1
2225,617,2,53,1
2226,617,2,48,60
2227,148,2,3,1
2228,148,2,26,1
2229,148,2,234,60
2230,440,1,13,1
2231,440,1,47,20
2232,440,1,88,40
2233,440,2,3,1
2234,440,2,230,1
2235,440,2,231,60
2236,441,1,34,1
2237,441,1,110,40
2238,441,2,3,1
2239,441,2,30,1
2240,441,2,97,60
2241,442,1,1,1
2242,442,1,43,20
2243,442,1,118,40
2244,442,2,104,1
2245,442,2,79,1
2246,442,2,24,60
2247,443,1,24,1
2248,443,1,92,20
2249,443,1,86,40
2250,443,2,2,1
2251,443,2,119,1
2252,443,2,104,60
2253,444,1,33,1
2254,444,1,11,20
2255,444,1,100,40
2256,444,2,3,1
2257,444,2,14,1
2258,444,2,97,60
2259,445,1,66,1
2260,445,1,117,20
2261,445,1,92,40
2262,445,2,1,1
2263,445,2,96,1
2264,445,2,97,60
2265,446,1,89,1
2266,446,1,25,20
2267,446,1,94,40
2268,446,2,3,1
2269,446,2,11,1
2270,446,2,44,60
2271,447,1,7,1
2272,447,1,95,20
2273,447,1,27,40
2274,447,2,3,1
2275,447,2,230,1
2276,447,2,90,60
2277,448,1,8,1
2278,448,1,82,20
2279,448,1,29,40
2280,448,2,3,1
2281,448,2,57,1
2282,448,2,20,60
2283,449,1,27,1
2284,449,1,64,20
2285,449,1,78,40
2286,449,2,3,1
2287,449,2,107,1
2288,449,2,10,60
2289,301,1,32,1
2290,301,1,95,20
2291,301,1,88,40
2292,301,2,2,1
2293,301,2,81,1
2294,301,2,48,60
2295,450,1,27,1
2296,450,1,13,20
2297,450,1,107,40
2298,450,2,1,1
2299,450,2,72,1
2300,450,2,46,60
2301,451,1,22,1
2302,451,1,8,20
2303,451,1,78,40
2304,451,2,2,1
2305,451,2,102,1
2306,451,2,89,60
2307,452,1,22,1
2308,452,1,17,20
2309,452,1,78,40
2310,452,2,3,1
2311,452,2,102,1
2312,452,2,11,60
2313,453,1,43,1
2314,453,1,5,20
2315,453,1,11,40
2316,453,2,3,1
2317,453,2,42,1
2318,453,2,111,60
2319,568,1,86,1
2320,568,1,13,20
2321,568,1,109,40
2322,568,2,3,1
2323,568,2,20,1
2324,568,2,97,60
2325,454,1,236,1
2326,454,1,31,20
2327,454,1,90,40
2328,454,2,3,1
2329,454,2,81,1
2330,454,2,97,60
2331,455,1,24,1
2332,455,1,40,20
2333,455,1,120,40
2334,455,2,3,1
2335,455,2,115,1
2336,455,2,113,60
2337,620,1,30,1
2338,620,1,8,20
2339,620,1,111,40
2340,620,2,1,1
2341,620,2,20,1
2342,620,2,16,60
2343,456,1,40,1
2344,456,1,78,20
2345,456,1,107,40
2346,456,2,3,1
2347,456,2,27,1
2348,456,2,36,60
2349,457,1,22,1
2350,457,1,17,20
2351,457,1,40,40
2352,457,2,3,1
2353,457,2,102,1
2354,457,2,10,60
2355,625,1,90,1
2356,625,1,95,20
2357,625,2,3,1
2358,625,2,96,1
2359,625,2,91,60
2360,302,1,43,1
2361,302,1,39,20
2362,302,1,67,40
2363,302,2,3,1
2364,302,2,48,1
2365,302,2,114,60
2366,458,1,52,1
2367,458,1,29,20
2368,458,1,109,40
2369,458,2,2,1
2370,458,2,87,1
2371,458,2,90,60
2372,459,1,94,1
2373,459,1,110,20
2374,459,1,105,40
2375,459,2,3,1
2376,459,2,47,1
2377,459,2,98,60
2378,460,1,79,1
2379,460,1,85,20
2380,460,1,90,40
2381,460,2,3,1
2382,460,2,61,1
2383,460,2,97,60
2384,461,1,40,1
2385,461,1,112,20
2386,461,1,83,40
2387,461,2,3,1
2388,461,2,114,1
2389,461,2,98,60
2390,462,1,32,1
2391,462,1,91,20
2392,462,1,10,40
2393,462,2,1,1
2394,462,2,63,1
2395,462,2,97,60
2396,463,1,71,1
2397,463,1,42,40
2398,463,2,1,1
2399,463,2,25,1
2400,463,2,121,60
2401,464,1,6,1
2402,464,1,42,20
2403,464,1,14,40
2404,464,2,3,1
2405,464,2,78,1
2406,464,2,94,60
2407,593,1,9,1
2408,593,1,94,20
2409,593,1,102,40
2410,593,2,2,1
2411,593,2,104,60
2412,594,1,66,1
2413,594,1,117,20
2414,594,2,1,1
2415,594,2,38,1
2416,594,2,16,60
2417,465,1,94,1
2418,465,1,107,20
2419,465,1,63,40
2420,465,2,1,1
2421,465,2,25,1
2422,465,2,44,60
2423,597,1,120,1
2424,597,1,28,20
2425,597,1,10,40
2426,597,2,3,1
2427,597,2,118,1
2428,597,2,233,60
2429,466,1,69,1
2430,466,1,29,40
2431,466,2,3,1
2432,466,2,74,1
2433,466,2,44,60
2434,555,1,17,1
2435,555,1,47,20
2436,555,1,90,40
2437,555,2,3,1
2438,555,2,98,1
2439,555,2,97,60
2440,467,1,1,1
2441,467,1,108,20
2442,467,1,71,40
2443,467,2,118,1
2444,467,2,28,1
2445,467,2,89,60
2446,609,1,1,1
2447,609,1,28,20
2448,609,1,93,40
2449,609,2,106,1
2450,609,2,89,60
2451,611,1,75,1
2452,611,1,45,20
2453,611,1,5,40
2454,611,2,3,1
2455,611,2,44,60
2456,615,1,39,1
2457,615,1,114,20
2458,615,1,67,40
2459,615,2,3,1
2460,615,2,44,1
2461,615,2,48,60
2462,468,1,9,1
2463,468,1,5,20
2464,468,1,6,40
2465,468,2,1,1
2466,468,2,93,1
2467,468,2,48,60
2468,469,1,95,1
2469,469,1,76,20
2470,469,1,68,40
2471,469,2,3,1
2472,469,2,232,1
2473,469,2,238,60
2474,287,1,43,1
2475,287,1,100,20
2476,287,1,14,40
2477,287,2,3,1
2478,287,2,96,1
2479,287,2,9,60
2480,470,1,69,1
2481,470,1,78,20
2482,470,1,24,40
2483,470,2,1,1
2484,470,2,8,1
2485,470,2,121,60
2486,471,1,120,1
2487,471,1,13,20
2488,471,1,107,40
2489,471,2,3,1
2490,471,2,46,1
2491,471,2,67,60
2492,472,1,13,1
2493,472,1,69,20
2494,472,1,9,40
2495,472,2,3,1
2496,472,2,47,1
2497,472,2,109,60
2498,473,1,46,1
2499,473,1,13,20
2500,473,1,105,40
2501,473,2,3,1
2502,473,2,9,1
2503,473,2,47,60
2504,474,1,118,1
2505,474,1,112,20
2506,474,1,14,40
2507,474,2,3,1
2508,474,2,34,1
2509,474,2,115,60
2510,475,1,26,20
2511,475,1,67,40
2512,475,2,3,1
2513,475,2,11,1
2514,475,2,97,60
2515,476,1,5,1
2516,476,1,80,20
2517,476,1,102,40
2518,476,2,3,1
2519,476,2,45,1
2520,476,2,93,60
2521,477,1,30,1
2522,477,1,13,20
2523,477,1,26,40
2524,477,2,3,1
2525,477,2,20,1
2526,477,2,101,60
2527,478,1,113,1
2528,478,1,78,20
2529,478,1,10,40
2530,478,2,3,1
2531,478,2,92,1
2532,478,2,48,60
2533,479,1,24,1
2534,479,1,47,20
2535,479,1,104,40
2536,479,2,1,1
2537,479,2,99,1
2538,479,2,101,60
2539,549,1,10,1
2540,549,1,107,20
2541,549,1,83,40
2542,549,2,3,1
2543,549,2,9,1
2544,549,2,86,60
2545,480,1,114,1
2546,480,1,47,20
2547,480,1,67,40
2548,480,2,3,1
2549,480,2,20,1
2550,480,2,102,60
2551,481,1,67,1
2552,481,1,236,20
2553,481,1,100,40
2554,481,2,3,1
2555,481,2,44,1
2556,481,2,232,60
2557,482,1,30,1
2558,482,1,47,20
2559,482,1,8,40
2560,482,2,3,1
2561,482,2,101,1
2562,482,2,56,60
2563,557,1,75,20
2564,557,1,42,40
2565,557,2,3,1
2566,557,2,67,1
2567,557,2,97,60
2568,483,1,100,1
2569,483,1,236,20
2570,483,1,85,40
2571,483,2,3,1
2572,483,2,44,1
2573,483,2,48,60
2574,484,1,116,1
2575,484,1,24,20
2576,484,1,40,40
2577,484,2,3,1
2578,484,2,64,1
2579,484,2,238,60
2580,485,1,28,1
2581,485,1,17,20
2582,485,1,10,40
2583,485,2,3,1
2584,485,2,45,1
2585,485,2,100,60
2586,558,1,90,1
2587,558,1,11,20
2588,558,1,45,40
2589,558,2,3,1
2590,558,2,96,1
2591,558,2,87,60
2592,486,1,7,1
2593,486,1,89,20
2594,486,1,45,40
2595,486,2,3,1
2596,486,2,41,1
2597,486,2,100,60
2598,487,1,10,1
2599,487,1,17,20
2600,487,1,90,40
2601,487,2,3,1
2602,487,2,44,1
2603,487,2,100,60
2604,488,1,26,1
2605,488,1,106,20
2606,488,1,65,40
2607,488,2,1,1
2608,488,2,20,1
2609,488,2,97,60
2610,489,1,27,1
2611,489,1,106,20
2612,489,1,13,40
2613,489,2,3,1
2614,489,2,47,1
2615,489,2,26,60
2616,490,1,30,1
2617,490,1,108,20
2618,490,1,46,40
2619,490,2,3,1
2620,490,2,111,1
2621,490,2,110,60
2622,588,1,73,1
2623,588,1,45,20
2624,588,1,85,40
2625,588,2,3,1
2626,588,2,74,1
2627,588,2,72,60
2628,491,1,100,1
2629,491,1,45,20
2630,491,1,84,40
2631,491,2,3,1
2632,491,2,106,1
2633,491,2,90,60
2634,492,1,5,1
2635,492,1,113,20
2636,492,1,79,40
2637,492,2,4,1
2638,492,2,64,1
2639,492,2,116,60
2640,595,1,79,1
2641,595,1,42,20
2642,595,1,78,40
2643,595,2,1,1
2644,595,2,44,1
2645,595,2,121,60
2646,493,1,75,1
2647,493,1,45,20
2648,493,1,85,40
2649,493,2,3,1
2650,493,2,55,1
2651,493,2,100,60
2652,494,1,65,1
2653,494,1,115,20
2654,494,1,112,40
2655,494,2,3,1
2656,494,2,96,1
2657,494,2,37,60
2658,603,1,28,1
2659,603,1,62,20
2660,603,1,93,40
2661,603,2,3,1
2662,603,2,83,1
2663,603,2,108,60
2664,495,1,75,1
2665,495,1,43,20
2666,495,1,106,40
2667,495,2,2,1
2668,495,2,17,1
2669,495,2,45,60
2670,565,1,75,1
2671,565,1,30,20
2672,565,1,73,40
2673,565,2,3,1
2674,565,2,44,1
2675,565,2,110,60
2676,496,1,100,1
2677,496,1,84,20
2678,496,1,42,40
2679,496,2,2,1
2680,496,2,43,60
2681,497,1,115,1
2682,497,1,8,20
2683,497,1,112,40
2684,497,2,2,1
2685,497,2,238,60
2686,498,1,77,1
2687,498,1,10,20
2688,498,1,84,40
2689,498,2,2,1
2690,498,2,44,1
2691,498,2,17,60
2692,499,1,29,1
2693,499,1,31,20
2694,499,1,91,40
2695,499,2,2,1
2696,499,2,84,1
2697,499,2,10,60
2698,500,1,90,1
2699,500,1,13,20
2700,500,1,46,40
2701,500,2,3,1
2702,500,2,86,1
2703,500,2,97,60
2704,501,1,24,1
2705,501,1,104,20
2706,501,1,9,40
2707,501,2,1,1
2708,501,2,52,1
2709,501,2,90,60
2710,614,1,72,1
2711,614,1,75,20
2712,614,1,5,40
2713,614,2,2,1
2714,614,2,93,1
2715,614,2,90,60
2716,502,1,31,1
2717,502,1,106,20
2718,502,1,47,40
2719,502,2,2,1
2720,502,2,26,60
2721,634,1,47,1
2722,634,1,8,20
2723,634,1,107,40
2724,634,2,3,1
2725,634,2,106,60
2726,503,1,9,1
2727,503,1,47,20
2728,503,1,14,40
2729,503,2,2,1
2730,503,2,13,1
2731,503,2,238,60
2732,504,1,16,1
2733,504,1,205,20
2734,504,1,94,40
2735,504,2,2,1
2736,504,2,92,1
2737,504,2,87,60
2738,505,1,69,1
2739,505,1,46,20
2740,505,1,114,40
2741,505,2,1,1
2742,505,2,97,60
2743,605,1,63,1
2744,605,1,47,20
2745,605,1,205,40
2746,605,2,1,1
2747,605,2,118,1
2748,605,2,121,60
2749,506,1,40,1
2750,506,1,14,20
2751,506,1,236,40
2752,506,2,2,1
2753,506,2,238,1
2754,506,2,96,60
2755,507,1,65,1
2756,507,1,91,20
2757,507,1,104,40
2758,507,2,2,1
2759,507,2,42,1
2760,507,2,86,60
2761,508,1,26,1
2762,508,1,111,20
2763,508,1,106,40
2764,508,2,1,1
2765,508,2,231,1
2766,508,2,86,60
2767,509,1,111,1
2768,509,1,83,20
2769,509,1,85,40
2770,509,2,3,1
2771,509,2,230,1
2772,509,2,65,60
2773,510,1,27,1
2774,510,1,9,20
2775,510,1,46,40
2776,510,2,3,1
2777,510,2,99,1
2778,510,2,107,60
2779,576,1,30,1
2780,576,1,117,20
2781,576,1,47,40
2782,576,2,3,1
2783,576,2,110,1
2784,576,2,98,60
2785,511,1,86,1
2786,511,1,83,20
2787,511,1,23,40
2788,511,2,1,1
2789,511,2,97,1
2790,511,2,61,60
2791,512,1,62,1
2792,512,1,91,20
2793,512,1,119,40
2794,512,2,3,1
2795,512,2,34,1
2796,512,2,98,60
2797,513,1,1,1
2798,513,1,115,20
2799,513,1,65,40
2800,513,2,93,1
2801,513,2,42,1
2802,513,2,98,60
2803,514,1,111,1
2804,514,1,40,20
2805,514,1,84,40
2806,514,2,3,1
2807,514,2,8,1
2808,514,2,110,60
2809,515,1,40,1
2810,515,1,47,20
2811,515,1,65,40
2812,515,2,3,1
2813,515,2,236,1
2814,515,2,87,60
2815,516,1,13,1
2816,516,1,14,20
2817,516,1,47,40
2818,516,2,3,1
2819,516,2,69,1
2820,516,2,97,60
2821,566,1,114,1
2822,566,1,113,20
2823,566,1,111,40
2824,566,2,1,1
2825,566,2,97,1
2826,566,2,74,60
2827,517,1,42,1
2828,517,1,108,20
2829,517,2,3,1
2830,517,2,28,1
2831,517,2,234,60
2832,518,1,40,1
2833,518,1,120,20
2834,518,1,67,40
2835,518,2,3,1
2836,518,2,83,1
2837,518,2,30,60
2838,581,1,71,1
2839,581,1,9,20
2840,581,1,100,40
2841,581,2,3,1
2842,581,2,55,1
2843,581,2,98,60
2844,519,1,40,1
2845,519,1,65,40
2846,519,2,1,1
2847,519,2,39,1
2848,519,2,121,60
2849,606,1,117,1
2850,606,1,106,20
2851,606,1,66,40
2852,606,2,3,1
2853,606,2,5,1
2854,606,2,94,60
2855,520,1,117,1
2856,520,1,66,20
2857,520,1,79,40
2858,520,2,1,1
2859,520,2,74,1
2860,520,2,121,60
2861,521,1,86,1
2862,521,1,101,20
2863,521,1,92,40
2864,521,2,1,1
2865,521,2,99,1
2866,521,2,16,60
2867,522,1,1,1
2868,522,1,43,20
2869,522,1,71,40
2870,522,2,72,1
2871,522,2,74,1
2872,522,2,42,60
2873,622,1,84,1
2874,622,1,52,20
2875,622,1,91,40
2876,622,2,1,1
2877,622,2,96,1
2878,622,2,121,60
2879,619,1,26,1
2880,619,1,63,20
2881,619,1,47,40
2882,619,2,3,1
2883,619,2,30,1
2884,619,2,20,60
2885,523,1,1,1
2886,523,1,107,20
2887,523,1,100,40
2888,523,2,67,1
2889,523,2,93,1
2890,523,2,19,60
2891,415,1,27,1
2892,415,1,91,20
2893,415,1,107,40
2894,415,2,3,1
2895,415,2,14,1
2896,415,2,92,60
2897,524,1,64,1
2898,524,1,83,20
2899,524,1,80,40
2900,524,2,3,1
2901,524,2,116,1
2902,524,2,91,60
2903,525,1,91,1
2904,525,1,89,20
2905,525,1,70,40
2906,525,2,2,1
2907,525,2,44,1
2908,525,2,96,60
2909,562,1,5,1
2910,562,1,67,40
2911,562,2,2,1
2912,562,2,94,1
2913,562,2,84,60
2914,526,1,34,1
2915,526,1,115,20
2916,526,1,119,40
2917,526,2,3,1
2918,526,2,42,1
2919,526,2,65,60
2920,550,1,117,1
2921,550,1,102,20
2922,550,1,116,40
2923,550,2,3,1
2924,550,2,119,1
2925,550,2,107,60
2926,590,1,120,1
2927,590,1,117,20
2928,590,1,39,40
2929,590,2,1,1
2930,590,2,74,1
2931,590,2,16,60
2932,527,1,111,1
2933,527,1,91,20
2934,527,1,27,40
2935,527,2,3,1
2936,527,2,74,1
2937,527,2,84,60
2938,528,1,65,1
2939,528,1,115,20
2940,528,1,90,40
2941,528,2,3,1
2942,528,2,113,1
2943,528,2,97,60
2944,556,1,13,1
2945,556,1,104,20
2946,556,1,22,40
2947,556,2,3,1
2948,556,2,102,1
2949,556,2,91,60
2950,612,1,1,1
2951,612,1,71,20
2952,612,1,17,40
2953,612,2,42,1
2954,612,2,44,1
2955,612,2,48,60
2956,529,1,64,1
2957,529,1,117,20
2958,529,1,116,40
2959,529,2,3,1
2960,529,2,97,60
2961,530,1,47,1
2962,530,1,205,20
2963,530,1,8,40
2964,530,2,3,1
2965,530,2,99,1
2966,530,2,238,60
2967,531,1,120,1
2968,531,1,116,20
2969,531,1,67,40
2970,531,2,1,1
2971,531,2,74,1
2972,531,2,97,60
2973,532,1,66,1
2974,532,1,75,20
2975,532,1,42,40
2976,532,2,3,1
2977,532,2,91,1
2978,532,2,5,60
2979,533,1,75,1
2980,533,1,77,20
2981,533,1,43,40
2982,533,2,2,1
2983,533,2,72,1
2984,533,2,84,60
2985,534,1,22,1
2986,534,1,102,40
2987,534,2,1,1
2988,534,2,93,1
2989,534,2,90,60
2990,535,1,27,1
2991,535,1,107,40
2992,535,2,2,1
2993,535,2,238,1
2994,535,2,13,60
2995,618,1,234,1
2996,618,1,205,20
2997,618,1,30,40
2998,618,2,3,1
2999,618,2,111,1
3000,618,2,90,60
3001,642,1,234,1
3002,642,1,205,20
3003,642,1,106,40
3004,642,2,2,1
3005,642,2,102,1
3006,642,2,108,60
3007,584,1,22,1
3008,584,1,8,20
3009,584,1,102,40
3010,584,2,2,1
3011,584,2,83,1
3012,584,2,9,60
3013,536,1,31,1
3014,536,1,64,20
3015,536,1,22,40
3016,536,2,2,1
3017,536,2,89,1
3018,536,2,234,60
3019,537,1,30,1
3020,537,1,102,20
3021,537,1,16,40
3022,537,2,2,1
3023,537,2,32,1
3024,537,2,90,60
3025,538,1,22,1
3026,538,1,102,20
3027,538,1,94,40
3028,538,2,1,1
3029,538,2,20,1
3030,538,2,90,60
3031,539,1,100,1
3032,539,1,43,40
3033,539,2,3,1
3034,539,2,234,1
3035,539,2,90,60
3036,540,1,16,1
3037,540,1,111,20
3038,540,1,205,40
3039,540,2,3,1
3040,540,2,90,1
3041,540,2,97,60
3042,541,1,234,1
3043,541,1,205,20
3044,541,1,119,40
3045,541,2,3,1
3046,541,2,26,1
3047,541,2,5,60
3048,633,1,75,1
3049,633,1,45,20
3050,633,1,9,40
3051,633,2,3,1
3052,633,2,90,1
3053,633,2,85,60
3054,587,1,29,1
3055,587,1,27,20
3056,587,1,30,40
3057,587,2,2,1
3058,587,2,107,1
3059,587,2,109,60
3060,542,1,112,1
3061,542,1,108,20
3062,542,1,113,40
3063,542,2,2,1
3064,542,2,111,1
3065,542,2,13,60
3066,585,1,76,1
3067,585,1,82,20
3068,585,1,84,40
3069,585,2,2,1
3070,585,2,18,1
3071,585,2,121,60
3072,543,1,43,1
3073,543,1,110,20
3074,543,1,113,40
3075,543,2,3,1
3076,543,2,45,1
3077,543,2,96,60
3078,586,1,234,1
3079,586,1,106,20
3080,586,1,205,40
3081,586,2,2,1
3082,586,2,46,1
3083,586,2,27,60
3084,544,1,64,1
3085,544,1,27,20
3086,544,1,116,40
3087,544,2,2,1
3088,544,2,90,1
3089,544,2,108,60
3090,545,1,42,1
3091,545,1,77,20
3092,545,2,2,1
3093,545,2,121,1
3094,545,2,90,60
3095,546,1,76,1
3096,546,1,106,20
3097,546,1,88,40
3098,546,2,2,1
3099,546,2,81,1
3100,546,2,233,60
3101,547,1,234,1
3102,547,1,80,20
3103,547,1,98,40
3104,547,2,2,1
3105,547,2,63,1
3106,547,2,233,60
3107,632,1,234,1
3108,632,1,90,20
3109,632,1,78,40
3110,632,2,2,1
3111,632,2,100,1
3112,632,2,71,60
3113,630,1,15,1
3114,630,1,18,20
3115,630,1,233,40
3116,630,2,2,1
3117,630,2,236,1
3118,630,2,27,60
3119,631,1,234,1
3120,631,1,107,20
3121,631,1,205,40
3122,631,2,2,1
3123,631,2,90,1
3124,631,2,27,60
3125,636,1,234,1
3126,636,1,45,40
3127,636,2,3,1
3128,636,2,100,1
3129,636,2,90,60
3130,629,1,15,1
3131,629,1,18,20
3132,629,1,233,40
3133,629,2,3,1
3134,629,2,40,1
3135,629,2,31,60
3136,571,1,13,1
3137,571,1,26,20
3138,571,1,101,40
3139,571,2,3,1
3140,571,2,99,1
3141,571,2,39,60
3142,323,1,239,1
3143,329,1,240,1
3144,338,1,239,1
3145,348,1,239,1
3146,349,1,239,1
3147,616,1,241,20
3148,383,1,240,20
3149,398,1,59,20
3150,412,2,59,60
3151,613,1,58,20
3152,441,1,241,20
3153,625,1,240,40
3154,466,1,58,20
3155,475,1,59,1
3156,557,1,59,1
3157,517,1,241,40
3158,519,1,241,20
3159,562,1,240,20
3160,535,1,240,20
3161,364,2,241,1
3162,425,2,58,1
3163,593,2,59,1
3164,609,2,59,1
3165,611,2,59,1
3166,496,2,241,1
3167,497,2,59,1
3168,634,2,241,1
3169,529,2,241,1
3170,357,2,242,60
3171,423,2,242,1
3172,426,2,242,1
3173,432,2,242,1
3174,505,2,242,1
3175,365,2,243,1
3176,371,2,243,1
3177,384,1,243,20
3178,463,1,243,20
3179,594,1,243,40
3180,502,2,243,1
3181,534,1,243,20
3182,539,1,243,20
3183,545,1,243,40
3184,636,1,243,20
